<?xml version="1.0" encoding="UTF-8"?>
<beans xmlns="http://www.springframework.org/schema/beans"
	xmlns:xsi="http://www.w3.org/2001/XMLSchema-instance"
	xmlns:context="http://www.springframework.org/schema/context"
	xsi:schemaLocation="http://www.springframework.org/schema/beans https://www.springframework.org/schema/beans/spring-beans-4.3.xsd
		http://www.springframework.org/schema/context http://www.springframework.org/schema/context/spring-context-4.3.xsd">

<context:component-scan base-package="kr.co.goott.*"></context:component-scan>


<!-- DB연결정보는 db.properties에 들어있다. 이를 컨테이너에게 알려줘야한다. -->
<bean id="property" class="org.springframework.beans.factory.config.PropertyPlaceholderConfigurer">
	<property name="location" value="/WEB-INF/db.properties" />
</bean>





<!-- DB 연결정보 등록 : bean 등록 -->
<bean id="dataSource" class="org.springframework.jdbc.datasource.SimpleDriverDataSource">
	<property name="driverClass" value="${driver}" />
	<property name="url" value="${url}" />
	<property name="username" value="${username}" />
	<property name="password" value="${password}" />
</bean>

<!-- SqlsessionFactory -->
<bean id="sqlSessionFactoryBean" class="org.mybatis.spring.SqlSessionFactoryBean">
	<!-- mybatis 설정 정보 + sql문 + db 연결정보-->
	<property name="configLocation" value="/WEB-INF/ConfigSql.xml" />
	<property name="dataSource" ref="dataSource" />
	
</bean>

<!-- SqlSessionTemplate 객체 -->
<bean id="sqlSessionTemplate" class="org.mybatis.spring.SqlSessionTemplate">
	<!-- sqlsessionTemplate은 생성자가 반드시 필요하다. -->
	<constructor-arg ref="sqlSessionFactoryBean"></constructor-arg>	
	
</bean>

<bean id="dao" class="kr.co.goott.dao.EmpDAO">
	<property name="ss" ref="sqlSessionTemplate" />
	
</bean>




</beans>
