<?xml version="1.0" encoding="UTF-8"?>
<beans xmlns="http://www.springframework.org/schema/beans"
	xmlns:xsi="http://www.w3.org/2001/XMLSchema-instance"
	xsi:schemaLocation="http://www.springframework.org/schema/beans https://www.springframework.org/schema/beans/spring-beans-4.3.xsd">
<bean id="hijack" class="advice.hijackAdvice">
	
</bean>

<bean id="biz" class="spring_aop04_after_throw_advice.MessageImple">
	<property name="msg" value="오늘은 월요일" />
</bean>

<bean id="proxyBean" class="org.springframework.aop.framework.ProxyFactoryBean">
	<property name="target" ref="biz" />
	<property name="interceptorNames" value="hijack" />
	
</bean>

</beans>
