<?xml version="1.0" encoding="UTF-8"?>
<beans xmlns="http://www.springframework.org/schema/beans"
	xmlns:xsi="http://www.w3.org/2001/XMLSchema-instance"
	xmlns:context="http://www.springframework.org/schema/context"
	xsi:schemaLocation="http://www.springframework.org/schema/beans https://www.springframework.org/schema/beans/spring-beans-4.3.xsd
		http://www.springframework.org/schema/context http://www.springframework.org/schema/context/spring-context-4.3.xsd">


	<!-- 자동으로 잡아줘! -->
	<bean class="org.springframework.beans.factory.annotation.AutowiredAnnotationBeanPostProcessor"></bean>
	<context:annotation-config />
	<!-- 2개 이상 놔둬도 위에 context를 namexpaces에서 체크해 추가해주고 작업해야 값이 출력된다. -->
	
	
	<!-- 건, 스턴건 모두 weapon을 상속받고 있으므로 2개 중 어떤게 들어갈 지 모른 상태임. 그래서 에러를 출력함. -->
	
	<bean id="g1" class="kr.co.goott.www.Gun"></bean>	
	<bean id="s1" class="kr.co.goott.www.StunGun"></bean>
	
	
	<bean id="p1" class="kr.co.goott.www.Police">
		
		<property name="hp" value="150"></property>
		<!-- <property name="w" ref="s1"></property> -->
		<!-- 자동으로 잡아주니까 이 값이 필요없다?? 그냥 내가 이해하기로 그럼... -->
		
		
	</bean>
	
	
</beans>
