<?xml version="1.0" encoding="UTF-8"?>
<beans xmlns="http://www.springframework.org/schema/beans"
	xmlns:xsi="http://www.w3.org/2001/XMLSchema-instance"
	xmlns:aop="http://www.springframework.org/schema/aop"
	xsi:schemaLocation="http://www.springframework.org/schema/beans https://www.springframework.org/schema/beans/spring-beans-4.3.xsd
		http://www.springframework.org/schema/aop http://www.springframework.org/schema/aop/spring-aop-4.3.xsd">
<bean id="ct" class="advice.CheckTime">	
</bean>

<bean id="cs" class="spring_aop06_AspectJ.CustomerServiceImple">
	<property name="name" value="갑순이" />
	<property name="email" value="sooni@town.com" />
</bean>

 <!-- AspectJ - aop 설정 -->
 <aop:config>
 	<!-- 새로운 aspect 설정 -->
 	<aop:aspect id ="checkAspect" ref="ct">
 		<!-- 정확히 어디에 적용될 건지 알려줘야 한다.(weaving) -->
 		<aop:pointcut expression="execution (public * * (..) )" id="checkPointCut1"/>
 		<!-- 적용시점 -->
 		<aop:around method="logAround" pointcut-ref="checkPointCut1"/>
 	
 	
 	</aop:aspect>
 	
 
 </aop:config>



</beans>
