<?xml version="1.0" encoding="UTF-8"?>
<beans xmlns="http://www.springframework.org/schema/beans"
	xmlns:xsi="http://www.w3.org/2001/XMLSchema-instance"
	xsi:schemaLocation="http://www.springframework.org/schema/beans https://www.springframework.org/schema/beans/spring-beans-4.3.xsd">

	<bean id="g1" class="spring_app06_maven.Gun"></bean>
	
	<bean id="s1" class="spring_app06_maven.StunGun"></bean>
	
	<bean id="p1" class="spring_app06_maven.Police">
		<!-- index는 0부터 시작(초) -->
		<!-- ref : 참조값. bean의 id값 -->
		<!-- int로 선언되어있어서 value로 넣어준다. -->
		
		<!-- <constructor-arg index="0" ref="s1"></constructor-arg>
		<constructor-arg index="1" value="150"></constructor-arg> -->
	
	
		<!-- 생성자 대신 getter/setter를 사용해 완성시킴 : property tag -->
		<property name="hp" value="150"></property>
		<property name="w" ref="s1"></property>
		
		
	</bean>
	<!-- 
	public Police() {
	this.hp=100;}   
	이게 실행됬으나 police가 가지고 있는 weapon //무기 사용해라. 근데 어떤 무기를 사용할 지 결정이 안되어있다.
	무기자체가 선언이 안되어있어서 인터페이스해서 밑에 오버로딩 된 생성자 아래에 w.use()가 null이 되어서 아래와 같은 오류가 터진다.
	Exception in thread "main" java.lang.NullPointerException
	--> 
	
	<!-- 그래서 새로 만듦
	public Police(Weapon w, int hp) {
		this.w = w;
		this.hp = hp;
	}	
	이걸 11라인에 <constructor-arg ></constructor-arg> 생성할 때 매칭해줘야한다. 타입, 순서, 갯수
	 -->
	
	
</beans>
