<?xml version="1.0" encoding="UTF-8"?>
<beans xmlns="http://www.springframework.org/schema/beans"
	xmlns:xsi="http://www.w3.org/2001/XMLSchema-instance"
	xmlns:p="http://www.springframework.org/schema/p"
	xsi:schemaLocation="http://www.springframework.org/schema/beans https://www.springframework.org/schema/beans/spring-beans-4.3.xsd">



<bean id="hijack" class="spring_aop2_after_returning_advice.AfterInterceptorAdvice">
	
</bean>

<bean id="biz" class="spring_aop2_after_returning_advice.CustomerServiceImple"
	p:email="3.1@korea.com" p:name="유관순"
>
	<!-- 4번라인이 Namespaces에서 p가 추가되면서 아래 두 줄을 생략하고 위에 14라인에 
	속성으로 추가해 기능하게 해준다. -->
	<!-- <property name="name" value="유관순"/>
	<property name="email" value="asdf@askdf"/> -->
</bean>

<bean id="proxyBean" class="org.springframework.aop.framework.ProxyFactoryBean">
	<property name="target" ref="biz" />
	<property name="interceptorNames">
		<value>hijack</value>
	</property>
</bean>

</beans>
