<?xml version="1.0" encoding="UTF-8"?>
<beans xmlns="http://www.springframework.org/schema/beans"
	xmlns:xsi="http://www.w3.org/2001/XMLSchema-instance"
	xmlns:aop="http://www.springframework.org/schema/aop"
	xsi:schemaLocation="http://www.springframework.org/schema/beans https://www.springframework.org/schema/beans/spring-beans-4.3.xsd
		http://www.springframework.org/schema/aop http://www.springframework.org/schema/aop/spring-aop-4.3.xsd">

	<bean id="ct1" class="advice.CheckTimeWeapon1"></bean>
	<bean id="ct2" class="advice.CheckTimeWeapon2"></bean>
	
	<bean id="weapon" class="spring_aop07_AspectJ_HW.WeaponImple">
		<property name="type" value="MK14" />
</bean>
	<!-- proxy 방식 -->
	<!-- <bean id="proxy" class="org.springframework.aop.framework.ProxyFactoryBean">
		<property name="target" ref="weapon" />
		<property name="interceptorNames" value="ct1" />	
	</bean> -->
	
	<!-- aspectJ - aop 설정 -->
	<aop:config>
		<aop:aspect id="Aspect" ref="ct2" >
			<aop:pointcut expression="execution (public * * (..))" id="checkWeapon"/>
<!-- 		<aop:around method="afterReturn" pointcut-ref="checkWeapon" /> -->
			<aop:after-returning method="afterReturn" pointcut-ref="checkWeapon" />
		</aop:aspect>
	</aop:config>
</beans>
