<?xml version="1.0" encoding="UTF-8"?>
<beans xmlns="http://www.springframework.org/schema/beans"
	xmlns:xsi="http://www.w3.org/2001/XMLSchema-instance"
	xsi:schemaLocation="http://www.springframework.org/schema/beans https://www.springframework.org/schema/beans/spring-beans-4.3.xsd">
	
	
	<bean class="org.springframework.beans.factory.annotation.AutowiredAnnotationBeanPostProcessor"></bean>
	
	
	<bean id="time" class="spring_app09_anno.NowTime"></bean>
	
	
	<!-- GreetingImple gi = new GreetingImple();
	아래의 의미는 자바에서의 위와 같다. 그래서 안에 값을 넣어줘야함. -->
	<bean id="gi" class="spring_app09_anno.GreetingImple">
		
		<!-- annotation을 사용하려면 아래 항목 call by value를 생략(지움)시켜야 한다. -->
		<!-- <constructor-arg value="오늘은 목요일"></constructor-arg> -->
				
		<!-- setter를 통해 집어넣으려면 프로퍼티 -->
		<!-- <property name="nt" ref="time" /> -->
		<property name="msg" value="출력 중" />
	</bean>
	
	

</beans>
