<?xml version="1.0" encoding="UTF-8"?>
<beans xmlns="http://www.springframework.org/schema/beans"
	xmlns:xsi="http://www.w3.org/2001/XMLSchema-instance"
	xsi:schemaLocation="http://www.springframework.org/schema/beans https://www.springframework.org/schema/beans/spring-beans-4.3.xsd">

<bean id="hijack_before" class="advice.BizMethodBeforeAdvice"></bean>

<bean id="hijack_after" class="advice.BizMethodAfterAdvice"></bean>

<bean id="biz" class="spring_aop03_before_after_advice.BankImple">
	<property name="name" value="신사임당" />
	<property name="balance" value="100000" />
	
</bean>

<bean id="proxyBean" class="org.springframework.aop.framework.ProxyFactoryBean">
	<property name="target" ref="biz" />
	<property name="interceptorNames">
		<list>
			<value>hijack_before</value>
			<value>hijack_after</value>
		</list>
	</property>

</bean>


</beans>
