<?xml version="1.0" encoding="UTF-8"?>
<beans xmlns="http://www.springframework.org/schema/beans"
	xmlns:xsi="http://www.w3.org/2001/XMLSchema-instance"
	xsi:schemaLocation="http://www.springframework.org/schema/beans https://www.springframework.org/schema/beans/spring-beans-4.3.xsd">

	<!-- 공통기능 -->
	<bean id="hijack" class="spring_aop01.HijackBeforeMethodAdvice">
	
</bean>
	
	
	<!-- 핵심기능 -->
	<bean id="biz" class="spring_aop01.CustomerServiceImple">
		<property name="name" value="홍길동"/>
		<property name="email" value="adlfajdf@asldkfs.com"/>
</bean>


	
	<bean id="proxy" class="org.springframework.aop.framework.ProxyFactoryBean">
		<!-- 대행자에게 biz를 taget(실질 biz 로직을 구현한 객체-코드)으로 지정. -->
		<property name="target" ref="biz" />
		<property name="interceptorNames">
			<value>hijack</value>
</property>
</bean>
	
	


</beans>
