<?xml version="1.0" encoding="UTF-8"?>
<beans xmlns="http://www.springframework.org/schema/beans"
	xmlns:xsi="http://www.w3.org/2001/XMLSchema-instance"
	xsi:schemaLocation="http://www.springframework.org/schema/beans http://www.springframework.org/schema/beans/spring-beans.xsd">

<bean id="bnhm" class="org.springframework.web.servlet.handler.BeanNameUrlHandlerMapping">
	
</bean>

<bean id="irvr" class="org.springframework.web.servlet.view.InternalResourceViewResolver">
	<property name="prefix" value="/jsp/" />
	<property name="suffix" value=".jsp" />
</bean>

<bean id="/now.do" class="spring_web03_hw.NowController">
	
</bean>

<!-- 위아래 주소를 달리하여 들어갈 수 있음. -->

<bean id="/hello.do" class="spring_web03_hw.HelloController">
	<property name="name" value="신사임당" />
	
</bean>




</beans>
