<?xml version="1.0" encoding="UTF-8"?>
<beans xmlns="http://www.springframework.org/schema/beans"
	xmlns:xsi="http://www.w3.org/2001/XMLSchema-instance"
	xsi:schemaLocation="http://www.springframework.org/schema/beans https://www.springframework.org/schema/beans/spring-beans-4.3.xsd">

	<!-- HandlerMapping -->
	<bean id="beanNameUrlHandlerMapping" class="org.springframework.web.servlet.handler.BeanNameUrlHandlerMapping">
	
</bean>
	
	<!-- ViewResolver -->
	<bean id="internalResourceViewResolver" class="org.springframework.web.servlet.view.InternalResourceViewResolver">
		<!-- 예를 들어 view name으로 hello만 넘어오는데 실제 파일 주소는 /hello.jsp 이므로 이런 형태가 되도록 설정해줘야한다. -->
		<property name="prefix" value="/" />
		<property name="suffix" value=".jsp" />		
</bean>	
	
	<!-- Controller -->
	<bean id="/hello.do" class="kr.co.goott.controller.HelloController">
	
</bean>
	


</beans>

<!-- 이 파일 이름 앞 부분(dispatcher)과 	(-servlet 앞 대가리)
web.xml 안에 9번 라인
<servlet-name>dispatcher</servlet-name>의
이름(dispatcher)이 같아야 한다. -->