<?xml version="1.0" encoding="UTF-8"?>
<!DOCTYPE mapper
  PUBLIC "-//mybatis.org//DTD Mapper 3.0//EN"
  "http://mybatis.org/dtd/mybatis-3-mapper.dtd">
  
  <mapper namespace=" ">
  	 <select id="selectAll" resultType="DeptDto">
  	 	select * from dept
  	 </select>
  	 
  	 <select id="selectOneByDeptno" parameterType="int" resultType="DeptDto">
  	  	select * from dept
  	 	where deptno = #{deptno}         
<!-- parameter type은 매개변수이자 지역변수이미르 임의로 지정가능 #{no}, parameter type이 dto면 임의로 지정할 수 없음 -->
  	 </select>
  	 
  	 <insert id="insertOneByDept" parameterType="DeptDto">
  	 	insert into dept
  	 	values (#{deptno}, #{dname}, #{loc})
  	 
  	 </insert>
  	 
  	 <update id="updateOneByDept" parameterType="DeptDto">
  	 	update dept
  	 	set dname=#{dname}, loc=#{loc}
  	 	where deptno = #{deptno}
  	 </update>
  	 
  	 <delete id="deleteOneByDeptno" parameterType="int">
  	 	delete from dept
  	 	where deptno = #{deptno}
  	 </delete>
  	 
  </mapper>

  
  