<?xml version="1.0" encoding="UTF-8"?>
<beans xmlns="http://www.springframework.org/schema/beans"
	xmlns:xsi="http://www.w3.org/2001/XMLSchema-instance"
	xsi:schemaLocation="http://www.springframework.org/schema/beans http://www.springframework.org/schema/beans/spring-beans.xsd">

	<!-- HandlerMapping -->
	<bean id="beanNameUrlHandlerMapping" class="org.springframework.web.servlet.handler.BeanNameUrlHandlerMapping">
	
</bean>
	
	<!-- ViewResolver -->
	<bean id="internalResourceViewResolver" class="org.springframework.web.servlet.view.InternalResourceViewResolver">
		<!-- 예를 들어 view name으로 hello만 넘어오는데 실제 파일 주소는 /hello.jsp 이므로 이런 형태가 되도록 설정해줘야한다. -->
		<property name="prefix" value="/" />
		<property name="suffix" value=".jsp" />		
</bean>
	
	
	<!-- Controller -->
	<bean id="/test.do" class="spring_web02.TestController"></bean>
	
	
</beans>
