<?xml version="1.0" encoding="UTF-8"?>
<beans xmlns="http://www.springframework.org/schema/beans"
	xmlns:xsi="http://www.w3.org/2001/XMLSchema-instance"
	xmlns:context="http://www.springframework.org/schema/context"
	xsi:schemaLocation="http://www.springframework.org/schema/beans https://www.springframework.org/schema/beans/spring-beans-4.3.xsd
		http://www.springframework.org/schema/context http://www.springframework.org/schema/context/spring-context-4.3.xsd">
	
	<!-- 스프링(컨테이너)에게 관리를 위임할 객체 등록. => 싱글톤 관리 -->
	
	<!-- <bean class="org.springframework.beans.factory.annotation.AutowiredAnnotationBeanPostProcessor"></bean> -->
	<!-- 위에 대신에 namespaces에서 context를 올려라 -->
	<context:annotation-config />
	
	<!-- 아래 15~19라인 생략해도 결과값과는 무관. -->
	<bean id="os" class="spring_app10_anno.PhoneOS">
		<!-- setter DI -->
		<property name="name" value="안드로이드" />
		<property name="version" value="10.1" />	
	</bean>

	<bean id="sp" class="spring_app10_anno.SmartPhone">
		<!-- <property name="os" ref="os" />  위 PhoneOS 객체를 인식해야하니까 : ref, 8번라인 사용전까지 사용가능-->
	
</bean>

</beans>
