<?xml version="1.0" encoding="UTF-8"?>
<beans xmlns="http://www.springframework.org/schema/beans"
	xmlns:xsi="http://www.w3.org/2001/XMLSchema-instance"
	xsi:schemaLocation="http://www.springframework.org/schema/beans https://www.springframework.org/schema/beans/spring-beans-4.3.xsd">
	
	
	
	<!-- connection pooling 방식 -->
	<bean id="pool" class="org.apache.commons.dbcp2.BasicDataSource" destroy-method="close">
																	<!-- destroy-method="close": db를 다 사용하면 close() 자동으로 실행해 -->
		<property name="driverClassName" value="com.mysql.jdbc.Driver" />
		<property name="url" value="jdbc:mysql://localhost:3306/testdb?useSSL=false" />
		<property name="username" value="scott" />
		<property name="password" value="tiger" />
		
		<!-- initialSize : 초기에 몇개를 db와 연결해놓을 것이냐. -->
		<property name="initialSize" value="3"/>
		
		<!-- maxTotal : 최대 몇개를 한번에 연결하도록 정의하는 것. -->
		<property name="maxTotal" value="20" />
		
		<!-- maxIdle: 60000만큼 conn이 놀면 이를 제거해라 -->
		<!-- connection pool에 유지할 수 있는 갯수 -->
		<property name="maxIdle" value="60000" />
		
		
		
		
</bean>
	
	<bean id="jdbcTemplate" class="org.springframework.jdbc.core.JdbcTemplate">
		<property name="dataSource" ref="pool"></property>
	
</bean>
	
	<bean id="dao" class="spring_app14_jdbc.MysqlDAO">
		<property name="jdbcTemplate" ref="jdbcTemplate"/>
	
</bean>
	
	
	

</beans>
