<?xml version="1.0" encoding="UTF-8"?>
<beans xmlns="http://www.springframework.org/schema/beans"
	xmlns:xsi="http://www.w3.org/2001/XMLSchema-instance"
	xsi:schemaLocation="http://www.springframework.org/schema/beans http://www.springframework.org/schema/beans/spring-beans.xsd">
	
	<bean id="b" class="spring_app02.CoffeeImple">
		<!-- 제어권이 완전히 넘어온게 아니다. testmain안에서도 10~12라인을 바꿔서도 확장이 가능하기 떄문에 -->
		<constructor-arg value="초코우유"></constructor-arg>
		<!-- 생성자 argument도 컨테이너에서 제어할 수 있게 만듦 -->
	</bean>
	
	<!-- 위 xml과 같은 자바 코드 -->
	<!-- CoffeeImple ci = new CoffeeImple("초코우유"); -->
	
	
	
	<!-- 아이디와 클래스를 적어줘야해서 템플릿이 기본내장되어있음 -->
	<bean id="b2" class="spring_app02.MachineCoffee">
	<!-- 누가 무엇을 마시는지는 생성자 열어났으니 거기로 접근 -->
		<constructor-arg value ="도피오"></constructor-arg>
	
	
</bean>

</beans>
