<?xml version="1.0" encoding="UTF-8"?>
<beans xmlns="http://www.springframework.org/schema/beans"
	xmlns:xsi="http://www.w3.org/2001/XMLSchema-instance"
	xsi:schemaLocation="http://www.springframework.org/schema/beans https://www.springframework.org/schema/beans/spring-beans.xsd">
	
	<!-- Root Context: defines shared resources visible to all other web components -->
		
		
	<!-- data source -->
	<bean id="datasource" class="org.apache.commons.dbcp2.BasicDataSource" destroy-method="close">
		<property name="driverClassName" value="com.mysql.jdbc.Driver" />
		<property name="url" value="jdbc:mysql://localhost:3306/testdb?userSSL=false" />
		<property name="username" value="scott" />
		<property name="password" value="tiger" />
		<property name="initialSize" value="3" />
		<property name="maxTotal" value="100" />
		<property name="maxIdle" value="20" />	
</bean>
	
	<!-- SqlSessionFactory -->
	<bean id="sqlSessionFactoryBean" class="org.mybatis.spring.SqlSessionFactoryBean">
		<property name="dataSource" ref="dataSource" />
		<property name="configLocation" value="classpath:/Config.xml" />
		<property name="mapperLocations" value="classpath:/Mapper.xml" />
	
</bean>

	<!-- SqlSessionTemplate -->
	<bean id="sqlSessionTemplate" class="org.mybatis.spring.SqlSessionTemplate">
		<constructor-arg ref="sqlSessionFactoryBean"></constructor-arg>
</bean>

	<bean id="dao" class="kr.co.goott.persistence.EmpDAO">
		<property name="ss" ref="sqlSessionTemplate" />	
</bean>

	
	




</beans>
