<?xml version="1.0" encoding="UTF-8"?>
<beans xmlns="http://www.springframework.org/schema/beans"
	xmlns:xsi="http://www.w3.org/2001/XMLSchema-instance"
	xmlns:context="http://www.springframework.org/schema/context"
	xsi:schemaLocation="http://www.springframework.org/schema/beans https://www.springframework.org/schema/beans/spring-beans-4.3.xsd
		http://www.springframework.org/schema/context http://www.springframework.org/schema/context/spring-context-4.3.xsd">

<!-- 	<bean class="kr.co.goott.control.RegisterController" ></bean> -->
<!-- 	<bean class="kr.co.goott.control.LoginController"></bean> -->
	
<!-- 	컨트롤러가 생성이 될 때 마다 설정 파일에 bean 등록을 계속 해야 함 => 자동으로 빈 등록 하기 -->
	<context:component-scan base-package="kr.co.goott.*">
		<!-- <context:exclude-filter type="annotation" expression=""/> 이 부분은 base-package에서 제외해 라는 뜻임 -->
		<!-- <context:exclude-filter type="annotation" expression=""/> 이 부분은 base-package에서 추가해 라는 뜻임  -->
	
	</context:component-scan>
	
	
</beans>
