<?xml version="1.0" encoding="UTF-8"?>
<beans xmlns="http://www.springframework.org/schema/beans"
	xmlns:xsi="http://www.w3.org/2001/XMLSchema-instance"
	xsi:schemaLocation="http://www.springframework.org/schema/beans https://www.springframework.org/schema/beans/spring-beans-4.3.xsd">

<!-- 

http://localhost:9090/spring_web04/hi.do  뒤에 hi.do만 관리하면 되는데 이걸 좀 편하게 하기 위해서

SimpleUrlHandlerMapping: url 매핑시 context-path를 제외한 나머지 경로로 비교 
 	context-path : spring_web04/ 

-경로 매핑 방식
1) ? : 1개의 문자 매칭
2) * : 0개 이상의 문자 매칭
3) ** : 0개 이상의 문자 디렉토리

-->


<bean id="id" class="org.springframework.web.servlet.handler.SimpleUrlHandlerMapping">
	<property name="alwaysUseFullPath" value="true" />
	<!-- http://localhost:9090/spring_web04/ 이 만큼을 항상 인식하겠다.-->
	<property name="mappings" >
		<props>
			<prop key="/*.do">hi</prop>
			<prop key="/**/*.do">hello</prop>
		</props>
	</property>
</bean>



<bean id="internalResourceViewResolver" class="org.springframework.web.servlet.view.InternalResourceViewResolver">
	<property name="prefix" value="/WEB-INF/jsp/" />  <!-- WEB-INF 오타 -->
	<property name="suffix" value=".jsp" />	
</bean>

<bean id="hi" class="kr.co.goott.control.HiController"></bean>
<bean id="hello" class="kr.co.goott.control.TestController"></bean>











</beans>
