<?xml version="1.0" encoding="UTF-8"?>
<beans xmlns="http://www.springframework.org/schema/beans"
	xmlns:xsi="http://www.w3.org/2001/XMLSchema-instance"
	xsi:schemaLocation="http://www.springframework.org/schema/beans https://www.springframework.org/schema/beans/spring-beans-4.3.xsd">

<bean id="stopwatch" class="advice.CheckTime">
	
</bean>

<bean id="biz" class="spring_aop05_arround_advice.CustomerServiceImple">
	<property name="name" value="이순신" />
	<property name="email" value="generallee@sam.gun" />
</bean>

<bean id="proxyBean" class="org.springframework.aop.framework.ProxyFactoryBean">
	<property name="target" ref="biz" />
	<property name="interceptorNames" value="stopWatch" />
</bean>

</beans>
