<?xml version="1.0" encoding="UTF-8"?>
<beans xmlns="http://www.springframework.org/schema/beans"
	xmlns:xsi="http://www.w3.org/2001/XMLSchema-instance"
	xsi:schemaLocation="http://www.springframework.org/schema/beans https://www.springframework.org/schema/beans/spring-beans-4.3.xsd">

	<bean id="dataSource" class="org.springframework.jdbc.datasource.DriverManagerDataSource">
		<property name="driverClassName" value="com.mysql.jdbc.Driver" />
		<property name="url" value="jdbc:mysql://localhost:3306/testdb?useSSL=false" />
		<property name="username" value="scott" />
		<property name="password" value="tiger" />
	
</bean>
	
	<!-- //jdbc템플릿 선언 얘한테 객체정보를 넣어줘야함 위에 것. -->
	<bean id="jdbcTemplate" class="org.springframework.jdbc.core.JdbcTemplate">
		<property name="dataSource" ref="dataSource" />
	
</bean>
		<!-- 내 mysqldao가 쓸 수 있도록  -->
	<bean id="dao" class="spring_app13_jdbc.MysqlDAO">
		<property name="jdbcTemplate" ref="jdbcTemplate" />
	
</bean>


</beans>
