<?xml version="1.0" encoding="UTF-8"?>
<beans xmlns="http://www.springframework.org/schema/beans"
	xmlns:xsi="http://www.w3.org/2001/XMLSchema-instance"
	xmlns:p="http://www.springframework.org/schema/p"
	xmlns:mvc="http://www.springframework.org/schema/mvc"
	xsi:schemaLocation="http://www.springframework.org/schema/mvc http://www.springframework.org/schema/mvc/spring-mvc-4.3.xsd
		http://www.springframework.org/schema/beans http://www.springframework.org/schema/beans/spring-beans.xsd">
	
		<!-- 주석처리해도 프로그램적으로는 무방하다. -->
<!-- 	<bean id="beanNameUrlHandlerMapping" class="org.springframework.web.servlet.handler.BeanNameUrlHandlerMapping"></bean> -->

	<!-- <bean id="internalResourceViewResolver" class="org.springframework.web.servlet.view.InternalResourceViewResolver">
		<property name="prefix" value="/WEB-INF/views/" />
		<property name="suffix" value=".jsp" />
</bean> -->

	<!-- <bean id="id" class="org.springframework.web.servlet.view.InternalResourceViewResolver"
		p:prefix="/WEB-INF/views/" p:suffix=".jsp">
	</bean> -->

	<mvc:view-resolvers>
		<mvc:jsp prefix="/WEB-INF/views/" suffix=".jsp" />
	</mvc:view-resolvers>

	<bean id="/test.do" class="spring_web08.ControllerImple"></bean>


</beans>
